zip,beds
36301,327
-35957,204
35630,358
-36462,45
36049,29
-35235,317
35967,97
35007,212
-35233,12
-35660,178
-36360,77
-35960,45
-36116,329
36106-1109,270
-36802,372
36278,15
35233,1063
36078,37
35056,145
36420,88
36207,125
-35801,1027
35903,222
-35570,36
-35555,45
35901,256
36033,22
-36330,99
35462,20
36853,46
-36302,235
-35205,409
35042,25
-35650,43
35768,168
36340,73
35010,34
36027,30
36251,46
-36202,250
-35611,66
-36535,112
-35609,185
35594,61
36617,149
35502,207
36608,547
-36451,21
-35401,497
36744,28
36092,33
36427,46
-36532,129
35161,85
36726-1610,21
35211,279
35213,352
-36067,50
35477,40
36089,30
36732,37
-36652,618
35023,187
36701,109
36461,49
35565,49
36081,97
36545,35
36507,55
35125,40
36925,33
35209,425
36265,33
-36401,44
-36117,176
36037,44
35661,122
35653,49
35150,122
36867,47
36502,49
35045,26
36518,15
-35582,25
36904,25
-35121,25
99519-6604,391
-99645,74
-99801,45
99701,122
99508,338
99559,34
-99969,49
-99686,11
-99835,12
-99833,12
-99929,8
99615,24
-99574,13
-99762,18
99576,18
99752,17
99901-5746,25
99723,20
-99603,21
99835,25
85031-1703,228
85006,807
85712,441
86326,92
-85745,349
-85732,451
86301,206
85364,406
85020,262
85122,141
85008,387
86001,245
85013,460
85015-2443,129
85541,50
85224,338
85251,327
85635,75
86401,196
-85351,410
85901,89
85724-0001,479
85202,615
-85548,49
-86403,144
86504,56
86045,73
85634-0548,14
85542,8
85016,133
85032,127
86503,60
-85741,281
85258,427
-85206,318
85308,499
85027,204
85375,314
85308-7100,262
-86442,139
85054,266
85206,134
85015,32
85395,323
85713,132
85225,24
85941,40
-85755,111
85037,317
-86426,72
85296,198
85295,19
85209,142
85234,165
85255,120
85140,53
85132,36
85120,20
85339,16
85614,49
-85390,19
85602-2990,22
-85644,24
86040,25
86042,6
85344,20
85247,12
86505,25
-86047,25
-85603,14
-85621,25
-85501,25
85938,21
-85344,25
72761,44
-72830,57
-72703,320
72205,908
72758,206
72833,41
-72143,205
71953,41
-72601,120
72956,39
-72335,56
72401-3156,329
72764,275
71913,213
72653,170
-72034,139
-72117,177
-72450,114
72801,137
72455,32
71701,82
-71655,49
72901,320
72917-7000,343
-71753,30
72315,33
-71603,271
72160,49
-72076,47
-72104,64
71901,127
-72015,130
72342,127
71731,98
-72205,683
72401,224
-72501,184
72211,112
72120,49
-72118,49
72703,20
71801,67
72032,110
-72855,16
72834,25
-72949,25
72632,15
72958-2230,24
72519,25
-72396,15
-71654,25
-72476,25
72560-2300,25
71852,25
-72543,25
-72031,25
-72042,25
72370,25
-71742,22
72927-0290,24
71832,25
-71822,25
-71923,25
72576,25
-71635,25
-72110,25
71639,25
-71671,25
71653,25
-72616,25
72454,25
72736,25
94545-4383,195
95501,133
-94010,241
94117-3389,137
94558,145
94574,117
95642-2198,52
95819,389
90012,138
92501,456
91950,230
92103,1156
-91942,443
95521,78
-95965,133
93303,421
-95128,393
95926,298
91342,241
96080,49
-94609,296
-92243,161
94115-1925,464
-92220,61
94110-4403,120
93534,393
93291-6237,403
-91204,241
93721-1324,749
90027,777
-95361,35
92863-5600,397
94080-3208,120
-95051,327
-94596,233
-94589,200
94611,365
-94115,239
-90732,186
93030,242
95204,355
92411,185
94576,48
-90255,81
93720,375
91790,13
91786,363
-92123,832
94589-2574,106
92503,191
90033,904
-90262,339
93456,238
-95816,523
-93436,60
90404,531
-94403,100
92025-2762,356
91328,318
95336,73
-93230,230
95023,170
91208,123
95116,258
91405,333
95695,77
92056-4506,298
92404,328
-94945,47
91778-1507,187
-95901,209
90028,559
-94954,80
-91402,218
-90706,352
92335,626
93942-6032,227
91010,217
90015,318
95945,104
94109,150
95128,324
91436,82
93003,473
95231,196
92835,290
-90602,332
-95405,261
95382,209
94598-3198,506
-93930,76
90813-3393,273
-93654,49
95076,106
94538,289
94160,208
93551,157
91740,212
94501,34
-91911,243
92658-6100,518
95969,0
-92801,223
-94110,284
92634,167
-91767,412
93401,98
-92118,59
91505-4866,377
93065,144
91007,318
92106,323
95065,202
92262,325
-92324,366
-93906,148
95667,110
93308,90
-93257,128
90095,445
92373,195
94553,124
-91345,316
-92252,59
96001,272
91801,101
-94550,167
-94015,279
95403,84
92555-3911,439
93302,226
-95023,49
92311,30
92307,212
-95482,50
-94705,337
94039-7025,388
-95661,273
95376-3497,77
93306,222
-94602,186
92037,515
92354,788
91720,160
93901-4098,263
95370,84
92541,182
-97222,147
92868,355
90640,224
90505,472
96158,63
-90503,327
-93160,28
93274,108
94904,218
94533,182
90509,377
91352-1421,133
95124,300
91723,481
92543,304
90241-7010,199
93102,325
-93210,22
-94133,65
90710,257
93630,106
95531-3699,39
-92225,51
-95825,287
92804,167
91105,503
94305,447
95340,186
94143-0824,782
93303-2615,254
94117,113
95350,380
-90247,103
90017-2395,310
91307,228
90806,369
-94546,130
93611,208
94520,244
-95604,64
90057,320
92023,171
93405,156
-94063,116
94545,106
92120,790
95608,370
-92392,101
-94509,145
92647,82
-93635,40
92201,130
-95617,48
94063,149
92627,122
93258,44
95431,13
92626,30
91360,287
90720,146
91364,0
-95355,419
-90034,265
92691,465
93637,106
92708,618
92270-3221,370
90623,124
90712,172
91710,112
91773,95
92870,114
95823,367
95817,586
92653,252
95119,235
93215,105
92806-2020,484
93010,81
-91355,196
90048,880
93465,122
92064-2405,95
90023,387
-90033,361
-94116,6
-91367,252
92381,84
-92505,226
-95020,72
94583,123
-95403,173
-92595,240
91402,145
96710,27
92395,148
-93720,169
-95065,30
90242-3496,101
-91706,257
95355,23
90804,97
90605,156
-91754,101
91754,182
91733,104
90301,313
90291,104
90036,204
92805-5806,103
92869-3206,75
92705-3502,228
-82701,109
-95337,213
90036-4404,17
-94025,16
91403,112
91763,106
94531,138
91356,246
92006-5421,234
96049,205
-92360,94
95991-5074,14
95688-9494,140
92618,70
92563,112
-90650,117
95661-3027,340
94578,45
92592,140
90801,221
54577,206
90059,131
92780,135
95472,37
91769-6001,31
95932,42
96122-9406,9
93561-1900,20
-93545,4
-93546,17
-95338,18
-96028,22
-95988,15
90704,8
96104,4
-95442,9
96594,25
-95948,24
-92352,17
-93240,24
-96093,25
96097,25
95422,25
95440,25
96067,25
96130,25
95448,25
92363,25
93514,25
-95437,25
-95971,23
-96020,10
-96160,25
-95453,25
96101,16
-93463,11
95249,25
-93555,25
93023,25
92315,9
80631,225
80501-3129,131
80601,89
81401,50
-81101,49
80033,186
80524,225
80204-4507,378
81004,113
-81301,94
80218,698
80228,268
-81003,276
80909-5533,493
81502-1628,257
80045,641
80303,139
80538,289
80933,426
80220,226
-80113,356
80810,22
80701,36
80487,39
81505,53
80210,176
80229,127
81416,49
-81601,41
-80751,25
81657,56
-80012,309
80027,108
80023,92
-80206,24
80124,274
80122,159
80138,165
-80026,183
80443,34
80109,53
80528,23
80233,16
80504,51
80021,22
80918-3954,22
81036,25
81132,17
81521,25
80723,25
80731-2737,25
80734,15
80821,15
81648,25
-81140,17
80758,16
-80737,9
81073,15
80517,25
80807,19
81625,25
-80759,15
-81089,16
81650,12
80459,21
80461,8
81230,20
81082,25
-81201,25
81052-3993,25
-81611,25
81641,10
80863,15
81321-2299,25
81147,11
81050,25
81212,25
06105-1208,495
6260,104
6069,66
6708,213
-6904,288
-6320,236
6076,50
6610,332
06790-0988,91
-6066,102
-6706,152
6451,143
6830,181
6450,106
-6457,209
6226,44
6504,1279
6360,165
-6102,729
-6040,140
06606-4201,200
06111-0977,106
-6418,101
06810-6099,360
-6856,251
-6050,246
6030,142
6405,6
6492,30
6117,23
19899,1061
19805,180
19901,281
19973,94
-19958,193
19963,124
20037-2377,329
20060,192
20007,396
20016-2695,185
20017-2104,166
20032-4623,196
-20010,705
-32209,534
33435,431
32806,1468
32803,2753
33176,705
-33136,572
-33901,743
-32168,112
32114,436
34102,535
32901,514
33136,1457
32652,204
-32504,566
32401,293
32799,210
33150-2098,760
34761,211
33701,337
33140,473
-34208,295
33021,870
-33316,572
32204,481
34698-5848,112
34995,521
32720-0509,154
33541,149
33950,124
32565,21
33870,110
33012,119
34711,140
-33881,476
33013,362
-32578,65
34689,136
-32778,269
34474,773
34652-1971,187
-33705,308
-32117,295
33614,103
34285,229
34601,244
32673,179
33308,309
33607-4227,1062
33952,471
-33462,623
32433,50
34748,287
33064,304
34239-3509,673
32207,855
32086,335
32955,274
32501-2316,266
33853,93
32056,87
32960,310
32347,48
33936,78
-33872,180
34741,351
32610,872
32250,135
32614,99
33831,72
32536,110
32570,121
33033,142
33707,167
33756-3804,590
33606-3508,920
33430,54
33180,351
-33564,147
32063,21
-32308,386
33837,193
32034,54
32466,66
33040,99
32224,277
33143,547
-32055,91
-33805,764
32771,208
-34233,139
-33317,589
33486,367
-33613,506
34266,49
33410,199
32933,150
-32216,377
33710,168
33134,245
33016,367
33063,228
34655,242
-33308,129
32605,381
33609,147
-33175,394
33525,120
34209,355
32958,121
-33912,356
32547,189
-33321,245
-32073,273
-33324,224
33024,301
-32523,400
32177,99
33709,221
32404,222
33511,393
-33990,280
-34950,312
33770,262
34428,128
-34972,100
33458,207
32308,242
33615,182
34667,290
33484,356
-33573,138
-34952,207
-34613,280
33761-2045,311
32561,65
34223,100
33428,194
-33470,204
33612,206
-33414,233
-33065,196
33137,32
33028,446
33155,98
33029,178
34119,201
33401,333
33407,354
-33331,206
32159-0041,277
32940,197
-32550,62
33146,281
32324,24
34202,120
34769,84
32216,275
-32456,19
33196,133
32907,120
33544,145
34758,76
32068,106
32696,20
33126,0
32765,64
-33873,25
32060,25
32054,25
32424,15
32320,25
-32425,20
32428-0889,25
33440,25
32091,25
32340,25
33050,5
33070,25
30722,246
30286,87
31501,134
-30040,299
30606-3791,164
-31701,409
-30115,114
30302,577
-30117,147
-30180,40
30240,276
30209,94
30703-7013,69
-31405,212
31520,300
30635,52
30553,56
30901-2612,574
30501-3715,545
30120,119
30224,160
-30577,74
30912,486
-30060,642
31403,525
-31792,226
-30910,140
30529,28
30535,53
30141,112
31419,210
31719,54
30680,56
30655,76
30705,29
30512,39
30162,228
-31902,304
31093-3431,237
31513,34
-31750,48
-30306,357
30459,142
-30033,392
30308,475
30303-3050,659
30542,274
30309-1281,508
31082-0636,56
30046-7694,462
31533,86
30012,141
31023,40
-31793,181
30434-1558,37
31620-1511,33
31015,65
-31768,94
-31201,594
-30401,45
30824,25
30830,40
30312,466
39828-3142,46
31603-1727,274
31545,88
31021,145
-30474,52
31904,312
31774,34
-39819,80
31036-6748,55
-30417,49
30106-1121,367
31558,40
31061,98
-31069,39
-30342,536
31203,201
30274,244
30161,207
-30909,259
-30134,102
-30533,38
30513-6248,50
31063,22
30281,230
30278,206
31745,45
30076,169
31909,57
31210,85
31768,33
30214-4526,228
30143-4872,52
30058,90
30265-1210,136
30097,118
30265,50
31639,51
30742,16
37140,25
31014,15
31064,12
-30650,25
39837,25
31329-0386,25
31634,15
31008,25
30442,15
30476,25
-31024,25
39823,15
31830,25
-31029,25
30233,25
30110,15
30453,25
30546-0509,25
30673,25
-31635,25
-31510,25
31791,25
30642,25
30125,25
-31728,25
31643-1315,25
-31539,25
30349-0597,25
31313,25
30525,25
96813,615
96793,219
96786,43
96720,157
96734,160
-96717,170
96819-1495,295
-96766,72
96750,83
-96813,159
-96701,118
96743,33
96796-0337,25
96777,5
96755,6
96748,15
96731,15
96763,4
96746,5
96727,11
96790,9
83301,172
83501,94
-83712,559
83706-1309,348
83686,98
-83605,112
83403,226
83440-0310,67
83201-4004,137
-83814,297
-83704,9
-83404,41
83854,34
93221-1625,0
83687,70
83805,20
-83330,16
83252-0126,11
-83211,10
-83467,18
83672,19
83611-0151,8
-83276,25
83338-1851,25
-83647,21
-83638,15
-83422,13
83837,21
-83530,15
83254,21
83861,19
83617,13
-83350,16
-83544,23
83522-0137,25
-83263,20
83340,25
83213,14
-83221,25
-83318,31
-83843,25
-83864,25
-61520,43
-62002,132
60435,428
60160,276
60201,698
62948,85
61021,66
61614,109
62301,248
-60608,236
62565-1899,30
60504,192
60123,399
62401,133
-60085,220
-62801,82
61401,164
61081-1279,93
62864,171
-60617,201
60302,135
62002-0340,78
62769,369
60402,263
62650-1185,93
62052,46
60462,377
-60603,165
-60525,159
61637,629
-60628,134
62207,122
60202,195
60640,373
60646,122
60637,648
-61455,45
61801-2595,391
61821,157
60623,109
60099,73
60450,89
60621,130
61350,90
61801,169
60625,216
60613,156
-60050,264
60631,227
60406,300
60612,1010
61554,107
-60521,244
60612-3714,448
62040,288
-61761,206
60045,114
60629,219
62526,202
62246-1156,32
61362,44
62230,47
62450-2958,47
62781,400
60901,466
60616-2477,203
64032,100
61764,42
61701,137
62901,167
62521,131
60970,25
60461,192
60506,226
-60098,32
60649,201
60642,220
60622,543
60617-1175,122
62959,98
62226,212
62269,222
-61920,86
60426,268
60640-2772,145
60126,282
-60648,273
-60453,706
61636,198
62946,38
60134,144
60451,257
-60068,534
60657,277
61104,300
60540-7499,298
61108-2472,248
61354,53
61103,293
60190,347
-60429,233
60634,213
60005,396
60007-3397,257
-61282,145
60153,531
61201,297
60611,883
-60115,98
-60515,243
62062-1000,130
60194,318
-60010,176
-60139,122
-60615,25
-60440,110
62016,25
61856,16
-61036,25
61727,15
-61231,22
-62321,18
62088-1499,25
62274-1034,17
62263,22
61530,25
61342-9216,25
62837,25
61068,17
62644-0530,25
62363,25
60942,22
-60936,25
61462,23
61254-1099,25
-61944,25
62812,25
62656,25
-62960,25
62930,25
61443,25
62859,25
-62863,25
62982,25
61270,25
-61747,25
62832,25
62049,25
62681,22
62966,25
-60033,13
62249,25
61356,25
62233,25
62568,25
-60548,25
62557-1716,22
62906,25
62454,25
62439,25
62881,25
-62471,29
-62626,25
-62278,25
62286,25
62056,25
62839-0280,20
-46131,83
46402,456
46320,180
46122-1409,133
-46350,129
46902,109
46312,165
47130,153
46901,111
-46952,99
46545,282
46360,149
46804,435
46514,200
46845,566
47933,29
-47804,233
46202,1542
46526,122
-47392,48
46342,180
46383,238
-46140,61
47591,99
47150-4990,225
-46706,37
47802,164
46802,82
47374,163
47402,254
46158,83
46601,391
-46060,109
47501,42
47331,45
-47274,91
-47250,88
-46947,44
46219,305
-46714,62
46563,45
-47747,531
-46260,745
-47025,86
46016,141
47303-3428,320
46311-1799,140
46750,36
-46176,46
47750,405
46725-9492,30
46534,15
-46052,68
-47905,188
-47201,211
46011,134
47546,111
46321,473
46307,232
46227,169
-46580,72
46755-0728,31
-47630,98
-46825,131
46290,107
46033,153
46123-7085,127
46278,38
46032-4656,149
46237,441
46845-1705,37
46256,366
47150,10
47905,185
47129,46
46037,46
46032,6
47403,32
-46506,24
47934,25
47348,15
47265,25
-46173,25
-46996,25
47454,24
47993,16
-46036,25
47834,25
46992,18
46072,25
47960,25
-46975,25
47167,25
-47803,25
46041,25
47441-9457,25
46970,25
-47670,25
47371,25
47586,25
46761-1325,25
-47978,25
47601,25
-47842,25
-47882,25
-47421,25
-47006,25
46733,25
-47112,25
47240-1398,25
-46135,25
-47170,25
47421,25
50158,41
51401,49
-52632,49
-52761,45
50501,46
50316,161
51502,145
52245,218
50010-5745,158
50208,48
-52803,249
50613,35
52406-3026,301
-51503,110
52655,138
52242-1009,699
50401,170
50702,165
52001,234
-52403,194
52732,107
50309,455
50314,670
52501,88
52722,87
50703,187
-51301,49
-52627,50
-51360,44
51104,159
50112,49
51101,148
51245,14
-50421,22
-50525,25
50638,25
50841-1414,22
-50574,25
52205,22
-50423,25
-50441,25
51555-1197,25
-50849,25
-51023,25
-52052,25
-52742,13
50115,25
-52591,25
52175-1022,25
-52301,25
-52172,25
52043,15
50674-0148,16
-51246,14
-50220,25
-50461,25
-51640,25
50129,25
50273,25
52537-1271,25
52136,18
-52060,25
-50025,25
-50659,8
51455,17
50201,17
50548,17
-50644,25
51247-1420,25
52565-0070,25
50662,25
50677,21
-50144,11
-50049,25
52531,25
-52057,25
52353,25
51249,25
-51250,19
50616,25
50213-1694,25
-52349,25
-51449,25
51334,22
51632-0217,25
-50511,24
51445,25
50138,25
-52641,25
-50536,24
50060,25
-51040,25
-51041,25
50595,25
51012,25
51566,25
-52556,25
50801,25
51601,25
50219-1299,25
-51031,25
-51442,25
50583,25
-52101,25
50036,25
-50854,16
51537,25
50588,25
50022,25
52544-9017,25
52040,25
52577,25
-50126,21
-51201,25
66762,70
66048,46
67401-5080,175
-67601,149
66067-3598,47
66606-1690,224
-67042,53
67502,129
67846-5679,90
-67124,35
67152,42
66160-8501,831
66061,254
66701-8797,44
-67905,71
66441,49
67107,21
66604-1353,439
-66839,36
-67114,74
66204-4004,323
-67460,35
-66071,18
67880-2196,26
67357,46
67214,1223
-66044,110
66502,99
-67337,47
66112,171
-67005,32
67950-0937,26
-67801,60
66215,262
66209-3722,147
-67226,114
66213,83
67401-2697,16
66211,21
67530,33
67002,55
67502-1106,10
-66219,9
67235,39
66739,36
-67572,12
-67526,25
67356,12
-67839,25
67831,25
-67861,25
67730,15
66725,10
66956,24
-67756,16
67663,16
67029,12
67860,25
66097,25
-66538,24
-66032,12
-67547,12
67361,17
66436,12
66439,15
67864-0820,20
-67878,25
67578,25
-67870,13
67642,20
67748,25
67439-0087,18
-67467,25
67022,25
67554,25
67070-0184,10
-67054,15
67544,18
67104,22
67951,17
-67560,25
66547,18
-66534,17
-67045,25
67449,15
-66434,25
-67548,16
-67855,16
-66757,15
-67550,22
-67003,25
67740-0167,18
67654-0250,25
-66901,22
-67665,19
66968,25
67749,21
-67661,25
-66521,25
-67672,25
66861,10
67063,15
-64756,23
-67879,18
-67455,10
-66935,25
67701,21
-66508,23
-67474,24
66945,25
-67058,25
67752-0129,21
67865,14
67854-0310,25
-67735,21
-67432,17
67871,25
-66749,25
-66736,25
-67620,17
66743-2000,23
-66967,16
67068,25
-66846,25
-66720,22
67410-2100,19
66002-1297,25
67156,21
-66801,21
41075-1793,123
-41858,90
-42345,47
41653,127
41101-0151,439
-40504,255
-40741,105
42701,270
42102-9010,308
40065,30
42141-3483,108
-40351,91
-41056,100
-40965,73
40977,41
40333,63
40004,40
42071,99
-41701,229
41017-3403,459
41101,135
42304,427
40202,1062
-40962,49
41501,268
41042-4824,126
40361,34
-40422,170
40476-2603,60
-40831,73
42240-6315,133
41041,52
-42420,118
40353,42
42276,75
-40536,883
41503,88
42754,75
41240,72
41031,61
-40701,248
-42718,90
-40202,1430
40392,54
42431,143
-42064,48
40324,75
42003,265
40503,391
-42003,271
42178,49
42602,38
40456,20
-42066,95
42101,162
40601,116
-41230,65
40207-4676,468
42501,230
-40031,90
41339,49
-40509,162
-42728,49
40336-0928,25
40330,25
42211,25
41649,25
-42437,25
-41472,25
-40383,25
-42539,25
-41008,25
41097-9482,15
42749,25
40484,25
41749,25
42717,25
-42135,25
-40143,25
-42078,25
-42633,25
42445,25
42347-0126,25
-42164,25
-42743,25
42025,25
40906,25
40403,25
42642,25
41647,25
70503,372
-70302,130
70112-3018,264
70506,116
71457,81
-70360,188
71210,93
70663,107
70308,130
70404,344
-70570,151
-71301,633
70791,113
-70554,128
70601,400
70511-0580,44
70121,963
70072,215
70458,278
71101,182
70526,140
70433,353
70115-3515,260
70634,49
70546,49
70562-3338,113
70808-4389,711
70806,253
70070,39
71263,30
-71270,157
71075,46
71483,60
71130-3932,424
71351,49
70508,393
71463,49
32600,711
71040,37
71121-1060,49
71052,34
71201,371
70817,228
70648,25
71295,29
-71055,125
71342,30
70006,309
71269,38
71291,214
71446,62
70586,99
70112,477
70363,66
71418,77
70748,0
70605,108
70816,161
70461,150
71254,23
71449,48
71111,124
70360,30
70737,78
70810,39
70065,117
-71101,15
71301,24
70130,39
70002,16
70403,30
70631,25
70043,40
70429-0040,38
70127,60
-70441,25
-71241,20
70157,25
70390-2217,15
71082,25
-70071,25
-70775,25
-70633,19
70346,25
-70422,25
-70538,25
-71322,25
-71019,25
-70438,25
71384,25
-71465,25
70760,25
-71251,25
71334,25
70525,15
71001,21
70443,24
70548,25
-71232,25
70394,25
-70345,23
71222,15
4401,99
4101,103
4102,575
-4769,49
04005-0626,140
-3909,66
04011-3218,92
04240-4500,228
4736,49
04401-0489,313
04243-0291,140
4938,48
4330,172
-4901,33
-4650,48
-4743,43
04856-4240,81
04614-0823,25
-4441,25
-4538,25
4457,25
4609,25
-4619,25
4276,25
-4462,25
4730,25
-4426,25
-4009,25
4654,25
4915,25
-4967,25
-4976,25
4268,25
21742,257
21201,989
20707,378
20910,449
21701,272
21078,86
21202,204
21287,1007
21229,278
21215,568
21223,69
21237,369
20912,198
21550,27
20832-1512,115
21801,289
20814-1422,230
21401,415
-21218,192
21502,200
20650,109
21224,415
21620,26
21921,96
21157,145
-21225,139
20646,109
21601,183
20678,71
21133,202
21061,288
21204,513
21817,3
21045,267
21014,171
20706,210
21239,206
20850,338
21207,137
20744,29
21811,48
20735,182
20876,80
1453,130
2238,193
2703,131
1841,189
2148,200
2601,239
1060,118
1301,89
2124,110
1550,105
2721,175
1040,165
1950,120
1069,46
2118,432
01915-1777,296
1970,292
2135,212
1201,221
1752,67
2402,175
1510,21
2360,537
1605,114
1854,407
1086,82
1102,237
2155,160
2114,1028
2780,93
2720,835
1199,696
01884-0156,330
02492-2523,58
1742,111
2215,709
2120,98
1757,145
1440,114
1432,57
2467,241
1890,205
2186,102
2115,804
2301,249
2111,364
2130,147
2062,149
2574,95
1655,600
1805,345
1760,224
1608,259
02554-2799,19
2557,25
1230,24
1331,25
48154,252
49464,57
-49221,88
48341,416
49093,48
-49007,415
-48075,582
48124,567
-49085,264
-49036,87
48235,357
48801,49
48060,154
48838,49
-49707,113
49242-2081,44
-49503,1078
49058,49
48708,297
48105-1500,931
48043,580
48202,685
49855,244
-49801,39
49738,49
49503-4502,255
49442-5502,336
48843,38
48602,455
48033,34
-49423,173
49016,159
48601,188
49098,26
48858,83
49601,49
49090,49
48230,266
49201,313
49307,49
-48661,88
-49091,49
49684,409
48162,153
48764-0659,47
48201,686
49770,187
-49930,36
49431,49
49048,286
-48413,58
48867,111
48073-6769,998
48503-5993,370
49735,46
48532,301
48184,170
-48198,24
48192,281
48336,256
48106,444
48236,546
48910,256
49417,81
48183,193
48617,49
48436,183
48093,427
48439-8065,350
48342,108
48811,48
-48060,163
49068,78
48670,324
48912-1811,533
49519-9606,186
-49783,49
48054,67
48135,130
48307,176
48118,97
48091,13
48098-1198,495
48180,99
48603,7
48382,130
48116,99
48075,45
48322-3013,191
49660,45
49635,8
49646,8
49854-0000,12
49868,25
48658,25
49781,15
49946,24
49682,11
49953,25
48755,25
48427,15
48884,22
48441-0040,15
48471,25
49047,25
-48726,25
-48850,16
-49935,25
-49913,25
49455,24
49849-2151,25
49720,25
-49677,25
48827,20
48624,25
48879-2253,25
48813,25
49010,25
48723,25
48453,25
48846,22
49079-0209,25
49938,25
-49286,25
49829-0787,25
49412,25
55422-2926,341
-55805,548
55415-1829,330
-55904,61
55905,1115
55057-1697,37
55066-0095,50
55805,103
-55008,70
-56187,48
56308-3798,99
56303,451
55102,533
-55746,73
55912,159
55987-0600,41
55092-8013,55
56538-0728,80
55426-4702,361
55387,112
55407,599
-55033,29
55744-3698,36
55082,68
55060,29
-55021,32
-56401,112
55313,44
-55435,316
55426,778
55792-2398,48
-56201,81
56001,167
56601,94
-56501,36
-55379,89
55101,431
-55433,466
55371,33
-56031,55
-55350,49
-55404,8
56671,23
-55337,171
55109,184
55125,86
-55369,134
56557,10
56623,15
-56183,8
-56175,25
-56296,15
56431-1697,25
56277-1397,16
55616-1298,16
55072,9
-55307,16
55723-9745,14
-56510,14
-56232,20
-56143,14
56628-0258,20
55604-0010,16
55731-1198,16
56172,20
-56716,30
56240-0157,15
56649-3525,18
-56062,25
-56265,25
56347,14
56085,16
56621,25
56479,25
56352,14
56101,18
56081,25
-56082,17
-55981,17
-56728,15
56762,12
55041,18
-56136,24
55705-8714,16
56208,15
-56278,25
-56241,25
-56751,25
56093,15
55009,15
-56220,22
-56178,21
56362-1496,25
-55767,25
56283,25
56087,24
56441,25
56482,25
-55336,25
-56359,28
56542-1599,24
56633,5
-56258,25
56636-9703,20
56071-1799,20
-55362,25
-56267,25
-55720,22
56215,18
-55355,25
55051-1950,25
56378,24
56013,24
56345,25
56156-2519,25
-56256,12
56573,25
-56164,18
-56058,9
-56334,19
56520,25
56073,24
56531,10
56470,25
56701,25
39216,1276
38852,48
38801,527
38652,92
39530,165
-38834,163
38634,27
-38851,39
39422,20
-39502,281
-39744,38
38821,95
39339,14
39183,301
38655,169
39452-0607,42
39046,67
39581,320
38614,181
39350,58
38829,39
39652,17
39759,88
-39601,90
-39441,268
39069-0577,12
38965,26
39773,49
-39301,182
39204,248
-39367,49
39404,427
39159,19
39301,293
38704-5247,177
39120,147
39429,49
38732,152
-39402,132
-38751,47
39042,114
-39648,160
38935-1410,173
39701,158
39202,430
39466,49
-39503,100
39111,44
-38668,29
38606,90
-39193,32
39232,191
38671,309
39303,83
39520,47
39153,19
38654,53
-38901,49
39074,25
39730,25
39577,25
38921,9
39654,25
39476,22
39341,25
38863,25
39631-0639,16
38967,25
39194,25
39051,25
-39355,25
39114,25
38771,25
39095,25
39150,22
-39365,25
-39117,25
39667-2099,25
39428,25
-39474,25
39083,25
-39451,7
39653,24
38916,25
39470,24
39735,15
39328,25
39090,25
38663,25
64804,602
65233,46
63301-2844,233
64506-3398,352
65302-1706,98
-65101,167
63857,108
65401,172
-63141,843
63501-8599,72
63019,256
65483,47
63401,86
64132,330
-63110,1272
64730-0370,44
65802,604
65102-1128,100
64108,238
64468,38
63090-3098,148
-64429,34
65536,49
64772,41
64154,118
-65265,40
65804,601
65201,335
63851,49
65270,33
-63128,703
65775,103
63935,21
63026,180
64114,127
-63117,634
65615-0650,105
64057-2301,245
64116,363
-64093,46
64139,110
63044,438
63110,288
63131-2329,406
63701,181
63801,110
63901,228
64111,443
65212,252
65340,42
63841,48
63141,77
63640,92
64735-1192,43
63122,88
64068,199
63017,408
-63136,205
63703,284
65065,100
64063,80
63376,113
64014,73
65613,52
63367,199
-65251,18
63118-4601,147
-64012,71
64086,184
63368,68
-64724,25
-63645,25
64446-0107,16
63565,15
-63556,17
-64623,25
63664,25
64683,21
63555,25
63775,25
64424-0428,15
63552,25
-65041,24
63628,3
-65605,25
-65625,25
65560,25
-63379,25
64067,25
64601,25
-64024,25
64744,25
64701,25
64759,25
64085-0389,25
64402,25
-65708,25
-63670,25
64850,25
-64633,25
63353-2559,25
65351,15
65548-0082,25
-63663,15
63080,25
64836,25
-59601,101
59107-7000,296
-59405,332
59802,158
59701,71
59801,141
-59501,49
59101,236
59901,195
-59715,83
59417,26
59716,4
59255,20
59313-0820,25
59324,25
-59858,25
-59442,25
59215,30
59645,25
59422,25
59218,33
59349-0156,22
59337,4
59520,8
59538,6
59011,25
59722,16
59523,6
59230,25
59047,25
59725,18
-59749,10
59923-2198,25
59036-0287,25
59254,19
59859,16
59425,20
59864,25
59806,10
-59327,25
-59474,21
59019,20
59872,25
59330,25
59644,25
59522-0705,25
59711-1999,25
-59937,25
59427,20
-59034,25
59022,24
-59840,25
59201,22
59263,25
59860-1010,22
59270,25
59457,23
59072,25
59301,25
68506-1299,505
68847-1990,218
68198-9200,549
68510-9904,253
68802-9804,141
68901,97
-68114,375
-68124,385
69361,122
69101,97
68025,50
68122-1799,178
-68046,28
-68602,47
-68701,122
68506,21
68526,54
68008,45
68130-2318,108
-68123,59
68122,34
68845-2208,94
-68920,19
-68361,20
68420,17
-68746,20
68370,19
69145,15
-68959,10
-68066,16
68371,13
68446,18
-69154,10
68939-0315,14
68640,17
-69138,12
68651-0428,16
68978-0187,25
68970-0465,13
-69336,20
-68352,17
-68818,14
68045,16
68788,25
68661-1396,25
-68305,16
-69210,23
-68756,23
-69130,20
-68826,20
68763-1173,25
68359,12
68729,23
68632-2199,20
68714,24
-68620,25
68825-0100,12
-68467,25
68873-0406,16
-68434,24
69021-3074,14
69337-9400,25
68410-3319,18
68713-0200,17
-69201,25
68787-1299,21
-68769,15
-68765,20
-69022,20
68047,21
68450,18
-69033,20
68355,24
-68862,16
-68333,24
-69153,18
-69140,20
-69162,19
69343,25
69301,25
68850,25
-68949,25
69001-1328,25
-68310,25
-68822,23
89502,713
89109-2317,557
89030,136
89102,497
89801,59
89503-4548,252
89015,82
89702,175
89106,274
89119,586
89431,72
89128,348
89114,370
89052,326
89148,302
89113,136
89149,248
89011,140
89032,32
89415,11
-89451,4
89301,25
89820,5
89419,13
89410,23
-89027,25
-89445,25
89005-2247,25
89048,25
-89008,4
89406,25
89447,14
3301,206
03756-0001,374
3246,86
3060,184
-3103,199
-3867,64
-3038,68
3820,118
-3431,91
-3060,150
3833,97
-3801,128
3102,229
3576,16
-3785,25
-3561,25
3584,25
03257-4570,25
3743,24
03235-1259,25
3860,25
-3743,25
-3458,25
-3570,25
-3264,25
3894,25
7601,687
07112-2027,442
7047,202
8822,170
-7055,145
-7666,284
07109-3550,280
8536,206
8210,149
7450,363
8103,831
07960-6136,614
7306,178
7444,175
7503,678
8629,130
8043,587
7065,122
7002,131
7201,220
7860,130
-8015,86
8360,280
7701,274
08901-2601,610
8861,302
7030,117
08755-6423,424
08534-8534,145
-7631,275
8244,199
8876,281
7834,325
07902-0220,443
-8724,318
07042-4837,185
8060,317
7652,127
8865,92
8046,124
08240-9102,520
8318,83
08903-0591,353
7753,597
07302-4321,272
07740-6303,279
07039-5668,552
8096,233
7018,159
08701-5237,201
8034,522
8079,126
8638,134
7102,147
-8818,357
8690,152
7728,264
7733,169
8050,154
7823,64
7094,102
-7103,379
7675,82
87106-2745,472
87505,172
87701,46
83310,50
87401,184
-88201,189
87102,294
87532,52
87571,54
-88061,32
87109,162
88011-5076,199
87125-6666,671
88101,106
-88210,34
-87544,47
87301,28
88340,6
87420,60
87237,27
87305,74
87313,19
88220,96
88240,61
-88435,10
87049,6
87114,70
-88130,24
-88011,176
87144,60
87507,36
87901-1961,17
87801,24
88401,25
-88415,25
89260,25
88345,25
87740,25
87020,25
88030,25
12204,73
12401,194
14203,1087
10701,443
14569,50
10456,460
13905,148
12208,1229
11418,285
11229,134
12601,365
10029,1263
11554,372
10310,260
14513,101
13815,58
11706,278
13503,231
11743,259
10019,633
12010,100
12572,74
11355,751
11201,272
14456,117
10467,1588
10708,208
14020,133
14424,113
14214,386
12983,83
10451,287
12953,48
13820,60
10550,63
11944,67
14905,225
12534,95
14895,49
10003,501
10065,2770
14217,164
14760,260
10960,209
10030,764
11901,124
14901,34
14141,23
13421,101
10075,422
14621,470
10940,329
10461,326
11373,358
14081,25
12771,98
13326,160
13203,451
11772,215
14810,15
14843,15
12309,334
13601,238
10901,286
10305,543
10549,168
14094,135
14620,244
14787,4
11501,511
13045,103
12180,212
11542,54
11576,364
10802,151
11777,362
14092,143
12801,361
11219,641
11040,1193
11235,292
13676,94
11572,351
11203,872
13210,1143
10016,1493
10990,60
13669,87
13440,79
13126,132
14215,340
11237,257
12866,171
13662,50
14626,283
14063,45
11432,200
11212,288
10595,708
13021,85
11215,516
14437,67
14701,159
10037,229
13501,177
12901,300
11570,299
10591,180
12550,193
14432,77
10567,128
12043,65
10021,215
10512,120
12078,58
14830,65
14220,364
14623,717
11795,437
10601,292
14850,163
11803,156
11714,203
11968,94
14263,133
12742,99
11794-9112,657
13903,373
11691,166
11206,238
11213,153
10457,283
11787,254
10993,0
12308,17
13838,4
12180-2466,0
14727,20
12932,25
12455,15
13753,16
12883,0
13690,20
13607,24
12428,15
13365,25
13856,25
14865,25
14527,25
13642,25
13346,25
13367,25
13609,25
14103,25
28025-2927,447
28801,665
27030,100
-27260,288
-28352,97
27533,263
-28139,111
27103,889
-28144,169
-28779,82
-28791,160
27330,127
28150,241
-28792,73
-28328,71
28501,150
28302,584
-27710,954
28054,370
28086,47
-28677,155
27834-2818,816
-28645,110
28540,162
-27157,797
27701,18
28358-3075,256
-28607,95
28231-1726,535
-27288,108
27514,771
-28659,93
-28472,154
27620-4465,585
27215,176
28334,151
-27611,175
28655,156
-28170,15
27360,74
28752,49
27577,179
-27401,732
-27292,80
-28621,81
28210-8407,221
27910,70
28345,64
27886,101
27909,91
28232,1112
-27607,439
-28374,412
28601,226
28001,97
-28349,49
-27204,145
27893,271
-27565,42
28117,123
28111,182
28561,286
-27536,91
27892,43
28402,622
-28557,99
-28602,200
28625,128
28092,101
27804,322
27114-4728,22
-27870,106
27704-2763,301
28719,20
28422,61
27573,38
28256-5009,100
28401,92
28105,123
27518,178
28078,93
-28721,122
27889,72
27006-7905,18
28376,41
-27874,20
27371,4
27983,6
-28713,24
-28425,25
27344,25
27962,25
28337,25
-28741,24
27016,25
27932,25
-28712,25
28675,25
-28722,25
-28646,21
27959,21
-28640,25
-28744,25
-28461,25
-28906,25
28777,25
58506-5510,181
-58702,152
58102-3641,468
58501,207
-58201,271
58316,27
58538,12
-58103,133
58852-0159,25
58784,11
-58854,24
58540,22
58575,25
58746,25
58425-7101,18
-58318,25
-58254,19
-58257,25
58545,25
58054,25
-58267,12
58623-0009,23
-58533,30
58474,20
-58367,25
58421,25
-58220,20
-58237,14
58495,24
-58413,20
58249,20
58072,25
-58730,15
-58278,14
-58341,25
58552-0850,14
-58045,16
-58639,25
58324-0688,20
58368-2118,25
58301,25
58801,25
58401,25
58601,25
45255-0589,257
44805-4098,39
-45219,477
43214,684
-45662,177
-45804,155
44622,128
43302,171
-43081,265
-45365,61
45701-2345,58
45236-2725,172
43215,397
-44308,584
-44870,183
-45385,49
-44307,383
-43402,103
45885-2400,36
-43222,652
-44691,104
44115,126
43701,282
43050,65
44129-5495,230
-45331,40
-45056,45
43614-2589,212
45409,753
45406-1891,248
-45631,157
44483,203
45012,199
-45828,42
44109-1998,528
44501-1790,300
44857,78
45801,311
-43606,738
44708,317
-45891,61
-43130,213
-43560,162
-44143,101
45005-1006,217
-44111,435
44266-1204,191
-45429,377
43935,84
43616,202
-44119,110
44710,422
43202,956
-45501,230
-44113,119
44883,45
-43537,166
-44256,130
-43040,60
-45840,141
43920,132
44077,312
-44811,50
43812-2229,56
43608,313
44903-2265,228
-43506,75
44145,170
-44004,104
-44601,55
45013-2767,138
45405,287
45220,406
44106-5022,624
44501-0240,84
-44125,221
-44122,131
44035,206
-43750,188
44654,41
44223,83
44646,107
43228,149
43906,22
44130-3497,197
43420,102
45601-9031,189
44484,127
45219-2906,473
43113,83
-44053,171
45373,119
45177,75
45206,357
-44195,1285
44460,87
-43140,45
-44024,124
43311,39
43725,90
43015,64
-43952,194
43055-3699,219
-44124,385
45211,197
-45103,147
-45342,168
44307,0
43210-1240,308
-44084,114
43230,50
45669,8
43623,123
45804,12
43054,60
43512,23
45408,26
44512,206
43016,107
44310,59
-44512,24
45069-2505,153
45502,24
43110,10
44122,137
45431,129
45662,10
45241,29
44011,126
44906,26
45879-9235,25
-43526,25
44621-1098,25
-44254,20
-45123,25
-44074,25
-44041,25
-44030,25
-43545,25
-44890,20
-43907,25
-43078,25
-43338,23
43452,25
43326,25
-44820,25
44830-1437,25
45750,25
-45640,24
-43713,25
45817,25
44667,25
44875,25
44833-2312,25
-45679,25
43543-1271,25
-43512,25
-43351,24
43138-0966,25
43160,25
-45133,25
43567,25
45690,25
74104,946
73802,40
74354,94
74601,47
-73070,331
73036-0129,48
73120-8304,308
74820,212
74361,24
73702,108
-74006,81
-73648,34
-74820,108
-73522,49
-74534,81
74401,264
-73701,142
73112,507
73601,45
74631,34
73111-2209,213
-74501,117
73101,390
74017,100
-74010,55
73401-1889,140
-74745,77
-74074,87
-73018,49
-73502,189
74447,50
-74127,171
73717,25
74523,42
74464,122
74136,843
73104,699
73110,223
73505,126
74023,74
74743,34
73109,198
-74955,41
74344,58
73077,26
-74801,77
73654-0633,38
73095,64
73080,39
74467,100
73501,38
74571,43
-74960,30
74437,27
74133,327
-73120,108
73120,23
73129,12
73159,45
73134-6012,23
74137,79
73009,75
73139,10
73052,26
74132-1843,38
73114,64
73013-3023,9
74055,105
74868,32
-73135,44
74012-4900,44
73034,40
73662,0
74525,25
74864,25
73772-0370,25
73628,15
73460,25
74048-3660,25
73448,25
73933,25
74056,25
73438-2424,25
-73573,25
74067,25
-73750,25
-73005,25
74079,25
-73044,25
74637,15
74538,20
74020,14
74848-2844,25
73932,24
73096,25
-73834,15
73632,14
73446,21
73763,17
-73086,25
73737,25
73554,18
64030,15
73663,18
74859,25
73015,17
74462,25
-73858,25
74953,25
73550-0791,22
-73942,25
97058,43
97527,121
-97225,462
97520,38
97227,385
97239,556
-97330,169
97210,164
97504,301
97477,113
97123,194
97321-1517,67
97030,93
-97471,140
97381-1993,29
-97440,40
-97132,40
-97045,111
-97756,48
97701,222
-97601,105
97301,391
97914,44
97383,40
97216,168
97213,342
97128,50
-97304,126
97062,112
97420-2125,130
-97015,302
-97477,379
97124-5806,122
97424-9700,14
97367,25
-97138,23
-97411,19
-97845,16
97828,23
-97720,19
97338-0378,15
-97630,24
97836,21
97467,16
-97423,17
-97754,16
97365,25
97814-1486,21
97439-0580,21
-97141,25
-97031,25
97801-3297,20
97103,25
97850,25
97444,16
-97355,25
97741,25
97838,25
18510,255
15132,186
17815,56
17011,279
17822,531
16117,52
16544,290
19446,140
-17837,123
16105-2595,176
19122,30
-19118,128
19140,598
15219,406
17901,256
-15065,143
18951,62
15009,194
15143-1498,149
15501-2088,81
15401,149
-15301,214
19612,553
-17701,196
17405,622
17044,109
18015,451
-15212,576
16830-0992,40
16652-2350,49
18960-1587,162
17015,145
17603,142
16673,45
16550,421
17325-0786,76
17042,110
17101,640
17543,65
19007,130
17745-2699,47
18603,87
16601-4889,366
-19320,155
18840,250
19111,246
-19026,145
-17801,56
15801,201
-15224,237
16346,118
16214,58
19603-0316,180
19046,195
17604-3555,560
15215,222
16735,31
15237,367
15905,389
-19104,1038
-15963,50
16335,173
15213-3180,315
19114,450
19401,111
15537,47
16701,107
18510-1798,154
19464,183
18431,73
19460,125
16646,30
18105-4000,1223
-18764,313
17268,56
19010,267
19141,407
-15601,246
16365,85
15063,132
15370,23
17201,230
19301-1792,231
19023,292
15136,87
-15317,88
18042-4195,170
16201,133
15213,1181
16001,267
15701,134
19107,841
16125,142
-19380,241
19013-3995,359
18218,44
15425,64
18201,134
18657,44
18235,110
19096,358
18102,119
16509,130
15767,44
-18301,205
18901,217
19152,133
16146-2096,195
-15666,33
-15650,117
-19390,53
19063,204
17522-1002,115
-19107,395
15243,295
19001,565
-17331,93
18848,35
-18501,182
17033,548
19047,329
15236-0119,286
-16127,90
-15146,234
16803-6797,248
18702,266
19403-3905,50
19403,219
19102,387
19128,107
16154,10
19124,74
18017,20
19610,15
18104,20
19020,24
15301,14
19468,12
17402,30
18045,108
17403,25
15146,136
18360,72
17745,25
-17756,20
15552,20
17233,21
17764,16
16947,25
18801,25
16686,25
16407,20
18847,25
15825,25
16915,25
16354,25
15857,25
16901,25
00902-0032,175
731,107
936,126
972,64
910,328
792,232
631,0
00919-1811,57
00737-3130,225
680,158
928,225
00919-1227,443
00705-1379,150
683,232
00717-1318,183
960,253
00733-6810,315
785,137
00922-2116,232
00605-4055,124
678,172
923,125
00956-2957,146
00681-1838,192
00726-4964,200
956,102
922,132
959,336
658,84
676,106
984,234
980,157
701,251
693,130
614,120
674,371
726,440
970,46
681,118
00936-6528,164
973,180
00922-2129,78
917,111
641,7
00738-7006,42
912,0
-2860,92
2908,148
-2904,163
2840,102
2901,622
2879,79
2886,323
2905,247
2895,123
2906,247
-2891,75
29732,268
29425,682
29536-1327,72
-29303,493
29672,122
29550,116
-29671,42
-29641,89
29203-6897,672
29706,36
29442,131
29601,319
29204,332
-29621,367
-29488,102
-29650,57
29720,166
-29681,43
-29235,43
29340,44
-29020,123
29526,166
59506,509
29108,48
29574,94
-29532,36
29414,189
29560,26
-29902,167
-29115,251
29150,173
-29646,290
29944,32
29169,436
-29605,682
29418,404
29926,93
29801,204
29304,112
29572,369
-29202,278
29401,316
29464,130
29505,354
29576,124
29927,41
29615-3570,38
29651-9013,48
29466,84
-29569,155
29212,76
-29520,48
29379-2839,49
29102,49
-29827,25
29620,25
29180-0620,25
29556,25
-29824,25
57201,81
-57006,49
57078,75
-57301,50
57402-4450,50
-57501,50
57117-5045,473
57117-5039,452
-57783,27
57701,377
57770,45
57702,0
57625,8
57570,35
57049,38
-57105,26
-57701,26
57105,53
-57070,10
57401,48
57042-1634,22
57438-0100,12
57442,10
-57313,11
57369-0200,17
-57226,10
-57437,6
-57523,16
-57028,18
57274-0489,20
-57430,20
57029,25
57551,14
-57380,20
57469,23
-57059,25
-57428,12
-57567,18
57732,18
-57785,25
57747,25
-57730,11
-57382,16
-57601,25
-57252,25
-57066,25
57070,12
57325,25
-57366,25
-57022,21
-57231,6
-57013,11
57580-2677,25
57350,25
-57069,25
-57362,25
57533-0408,25
-57262,25
37650,10
-38301,653
37066,126
37207,298
37555,49
-38351,36
38555-5048,73
38485,32
37804,183
-37620,239
37920,632
38344,42
37662-0238,325
37643-2874,109
38478,81
-37745,140
37065,185
37814-3894,116
37748-8333,52
-37857,52
37766,47
37830-6976,204
37040,234
37232,941
37096,21
37055,85
38120,770
38104,1328
-37743,73
37129,297
37760,58
37879-3625,34
37398,128
38501,223
-38358,47
38237,41
37604,512
-37172,109
37814,107
37303,88
38363,40
38024,95
-38401,265
37862-5019,58
37202,339
38556,54
37874,59
37404,444
37324,49
-37403,674
38372,49
37772-1965,30
37208,114
-37917,393
37916-2307,280
38261,63
38019,47
38242,92
37236,393
37160,49
37388,96
37166,52
-37076,170
37110,100
38103,288
-37821,32
-37404,397
38118,113
37203,495
37923-4325,398
38464,89
37660-4627,148
37762,34
-38008,33
38201,30
38119,353
-37604,80
37312,183
38570,90
38305,115
38583,32
37087,170
37215,129
37211,103
37190,30
-37167,109
38133,156
37061,50
37841,25
37033,25
37074,25
37185,25
37683,2
37083-0378,25
37367,25
37030,25
-37091,25
37321,25
37015,12
37869-3657,10
38063,25
-38320,25
38551,25
79902,598
-78028,84
76301,250
77802,209
75235,771
77555-0115,561
-75246,878
-77901,501
-79905,271
78520,243
78041,284
75670,405
78551-2588,374
77702-1048,370
77002,248
75601,552
76104-4917,430
79410,380
76712-2589,229
-75235,459
78405,468
75203-1201,376
-76508,610
79556,39
-78705,448
78205,1606
76012,194
77030,2353
77566,80
-79501,7
-75061,204
75455,49
-78102,40
-75711,339
-76450,25
76180,137
-76240,36
-78852,86
-77504,273
79065,97
-76712,212
75701,441
-78155,117
-79902,496
78114,44
-78539,1196
-78701,211
78596,186
-79761,331
-79701,228
76104,895
-76104,377
78957,8
-79714,30
76033-4007,109
76549,208
-78840,47
-79045,30
79412,92
-78363,50
78026-1504,67
78572,270
79735,50
-77008,1308
-77833,50
76645,54
-75766,53
75462,230
75501,185
76086,82
79106-1770,347
-75633,42
-75902,126
-78229,606
-78643,25
77304-2808,276
79601-2432,335
79106,354
-78629,34
-75482,82
78207,377
-76458,17
-79520,25
-77418,32
-76234,81
78666,157
75042,105
77054,886
75142,63
78061,46
-77840,114
-79553,12
-75020,329
77469,128
-76904,131
77701,361
-77340,89
-76661,36
76401,50
-75401,122
-77030,956
79201,39
-78934,40
-75165,121
75234,128
78229-3902,1548
75751,127
-77351,60
79316,26
-76667,49
-75069,156
-76448,34
76020,31
75204,24
-77521,190
78765,505
-75110,49
-76043,16
75979,25
75231,591
-77414,46
75092,214
-75652,41
75904,145
-79331,22
-76424,14
-75961,112
77640,185
75082,165
79072,49
79606,196
76051,275
-76067,48
76903,313
-75951,40
-79014,15
-75835,25
-76384,47
76380,27
-76804,77
76048,48
-77954,44
-78624,57
-78336,63
77024,444
-77598,553
-78834,50
-76210,185
77090,331
76021,183
76255-3616,14
-78045,171
-77082,230
-75230,723
75075,438
-79720,75
78582-0078,48
75965,155
75840,37
77004,133
79761,192
78526,214
-75067,138
77375,209
76015,293
76028,237
75218,187
-77338,255
79415,476
75149,202
75710,104
-77437,26
78224,185
-79339,42
77058,178
78503,320
-78704,299
77065,164
-78681,155
75237-3464,281
-75010,94
75088,112
76201,196
79529,28
-75801,116
-75862,45
-76531,42
79336,48
75390,94
75093,435
-77339,494
76132-4101,245
78240-1558,22
-78412,384
-77004,7
75503,354
77091,97
78731,8
-78758,382
-77479,347
75039,80
76310,41
-78332,72
75119,50
-77802,16
75013,44
-77070,313
77494,208
77479,152
75034,68
78550,112
78258,272
77478,106
77384,246
-78737,33
78759-5297,106
78746,21
76017-5851,34
75063,20
79124,32
79416,73
79936,40
76262,22
75035,118
76092,17
-75093,136
76208,22
75077,15
79035,25
76932-3938,7
-76642,20
-76936,14
77836,15
76849-3024,15
79744,14
79323,24
79752,11
-76821,16
-77480,14
76567,46
79546,14
79745,19
79567,15
77864,15
78377,20
-79502,20
77514,14
77868,18
76550,25
-76950,12
-76837,16
-79225,21
77665,25
79778,15
-78861,25
-79022,21
77465,17
-79782,18
79096,15
-76252,18
-79241,25
-79855,14
76483-0729,14
79079,25
76521-1117,25
-79512,25
-76360,19
79081-3341,14
79322,25
77995-0753,25
76834,25
-76825,25
79088,20
79027-0278,17
-79373,25
79252,24
-79731,25
76374-0158,25
-79095,15
77979,25
79360-3499,25
79070,25
75792,9
75948,25
-76365,25
77957-4098,25
78119-9718,25
-78611,25
-79346,18
-75686,25
79007,25
75418-4028,25
78648-0510,25
79347-3627,25
79756,21
-76574,25
77575,25
-77964,25
79772,25
-79830,25
-76528,25
75783,25
75494-3007,23
-76442,25
-79549,25
76634,25
79331,19
-78801,21
84604,315
84102-1507,107
-84403,247
84405,170
-84143,216
84720,48
84132,516
84157-7000,478
-84501,39
84651,124
84074,36
-84341,130
84302-4724,40
84066,35
84790,246
-84003,91
-84701,24
84078,39
-84337,16
84041,170
84010,81
-84057,139
-84094,58
84124,233
84107,40
84088,278
84341,28
-84060,37
-84065,87
84020,30
84624,18
-84631,19
84532,17
84647,18
84648,25
84751,5
-84634,25
-84032,19
84535,21
-84741,25
84511,11
84759,15
84713,25
5641,76
5401,415
5701,124
5301,47
-5201,78
-5478,53
05353-0216,19
-5060,29
5089,25
5819,25
5855,25
5661,25
-5156,25
05753-8629,25
801,107
00820-4421,77
-24273,65
-24266,49
22801,238
22604-2540,389
23507,471
-22908,577
-23505,110
-24592,107
23707-3236,215
22939,209
-22701,70
23860,107
-24501,435
22401,421
20186,97
24033,637
-23298,701
22630,46
23417,46
24354,30
-22315,334
23602-4404,115
24073,110
-20176,145
23434,155
20110,94
23502,247
24153,330
22205,305
-23601,357
24211,116
23454,227
23226,378
24641,151
22042-3307,803
23188,139
23805,300
23116,224
-24541,295
22911,150
-24115,208
22560,67
24523,34
24151,37
-23901,86
-23851,75
23666-5963,172
23223,101
23847,70
23970,66
-22033,182
23803,4
-20190,203
-24060,88
-24382,92
-23225,612
22191,147
-24219,91
24333,141
24301,92
24651,56
-23229,685
23456-0178,174
-23320,310
-22306,140
-24457,95
24614,49
22042-1206,0
23061,67
23114,130
22554,90
22408,105
23185,40
20169,60
20166,124
-24445,14
24134,25
24228-0000,2
24450,25
-22664,25
24171,25
22835,25
22482-1449,25
98133,168
99362-2846,120
98273-1376,137
-98111,211
98221,43
98195-9415,408
98166-0657,129
98902,321
98201,495
98001,73
-98801,176
98531-9027,116
-98499,106
98506,304
98122,181
98026-7507,178
98122-4307,646
98225-1851,207
-98520,49
98837,48
98948,25
98310,271
-98632,166
99210-0248,267
99362,34
98664,398
-98004,286
98112,24
99336,111
99220-2555,612
-99352,258
98223,48
98104-2499,332
98362,78
99208,184
98371,283
98272-0646,27
98058-5010,311
98405,333
-99210,123
-98034,304
98415-0299,353
98109-1023,20
98502,107
-98003,124
98807,11
98686,165
-98332,112
98029-6201,126
98042,58
-99347,25
99328,25
98586,10
98541,10
-99122,25
-99159,25
99133,25
99109,23
99156-9046,20
99169,12
-99350,25
-98826,9
98624,25
98672,14
-98620,14
-98823,25
99344,16
98356,25
98848,25
-98855,21
-99166,25
-98368,25
-98812,25
-98331,25
99114,25
99111,25
-98841,25
98284,25
-98944,25
-99163,25
-99403,25
98926-3897,25
-98816,25
-98022,25
-98584,25
99301,25
-98065,25
98239,25
98250-9782,10
26506,605
24970,86
26330,232
-25702,350
25401,146
-25550,94
26038,59
25326-1320,822
-26062,127
-26505,189
-25309,178
26241,90
-25301,32
-26452,70
26003,342
-24774,104
26554,89
25601,132
25701,330
26102,230
-25801,100
25801,300
-24701,62
26155,48
25661,27
26551,49
-24801,49
25328,8
-26416,12
-26288,25
-26147,25
26175,25
25276-1060,25
-26354,25
26624,25
-25411,25
-25951,25
26757,14
-26537,25
-25130,25
-24924,25
26726,25
26847,25
-25901,25
25136,25
25438,25
25271,25
26201,25
54481,84
54601-4783,142
53188-5099,240
54915,302
-54868,40
54701,168
54729,102
-54501,55
-53143,195
-53097,120
53566,58
54401,227
54495-8080,45
54241-2399,69
-53083,136
54449,230
-53027,35
-53901,43
-53081,53
54956,139
54904,104
54305-3400,161
-53211,263
53913,43
-53105,55
-53066,58
53095,70
53547-5003,182
-54702,193
53538,49
54307-3508,223
53916,125
-53215,155
53715-1830,342
-54601,253
54935,115
53715-1596,275
-54568,50
-53578,36
-53405,269
54303,83
53792,599
53511,103
53121-1002,54
53051,169
54221,58
-53948,40
-54143,55
53098,95
-53210,327
53215,868
53227-2409,277
54911,147
53226,576
53142,74
-54311,161
53212,30
53097,0
54720,13
-54904,72
-54476,99
-53132,60
53066,83
53024,126
53546,50
-54521,14
54758-0070,18
54984,25
-54634,25
54656,25
54736,25
54011-1292,25
-53934,25
54154,22
-54768,24
53530,25
54487-2218,15
-54724,25
-54812,25
-54773,25
53014,25
54020,25
-53534,18
-54660,25
54971,18
-53813,25
-54456,25
-54451,25
54552-0310,24
54961,25
53963,25
-54848,25
-54880,25
53821,24
54480,25
-54801,20
-54615,25
54981,25
54016,25
54843-6391,25
54024,25
-53925,25
-54452,25
-54751,25
-53581,25
54871,25
53589-1896,22
53805,25
54017,25
54166,25
54002,25
54665,25
-54022,25
54409,25
-53959,25
-53533,25
-54829,25
-53818,25
54923,25
-54153,10
-53147,25
-54235,25
-54806,25
82717-3011,66
-82716,71
82501,133
82901,58
82601,191
82001,170
-83001,48
-82072,66
82930,32
82609,23
82609-4264,0
82410,10
82633,25
82701,12
-82443,25
-82201,25
82401,18
82240,25
82834,25
82431,15
-82435,25
82729,16
82414,25
83110,22
82225,24
-83101,14
82301,25
78945,40
77339,10
-78746,23
76208-5910,4
76063,240
-77429,139
77505,61
78664-1032,167
78665-8000,137
-78613,93
-75032,53
-76054,3
76132,8
79938,182
78240,20
-78640,142
75182,70
78414,33
76227,40
-75028,99
75070,21
76012-4716,47
75001,32
77070,98
75090,12
77094,193
78232,50
76548,66
75021,143
76244-4897,101
78613,8
77845,119
75146,84
-77304,6
76520,10
75087,8
78130,100
77015,4
76177,75
77584,30
78654,46
77529,14
75006,18
78249-1371,26
77327,16
76177-8611,36
79911,106
76054,23
77385,146
79928,9